page_num,block,line,word_no,text,top_x0_pt,top_y0_pt,top_x1_pt,top_y1_pt,pdf_x0_pt,pdf_y0_pt,pdf_x1_pt,pdf_y1_pt,center_x_pt,center_y_top_pt,center_y_pdf_pt,page_width_pt,page_height_pt
1,0,0,0,Civil,36.0,14.660024642944336,51.152000427246094,23.564023971557617,36.0,818.3360004425049,51.152000427246094,827.2399997711182,43.57600021362305,19.112024307250977,822.7880001068115,595.2999877929688,841.9000244140625
1,0,0,1,Service,53.391998291015625,14.660024642944336,80.00799560546875,23.564023971557617,53.391998291015625,818.3360004425049,80.00799560546875,827.2399997711182,66.69999694824219,19.112024307250977,822.7880001068115,595.2999877929688,841.9000244140625
1,0,0,2,Form,82.27999114990234,14.660024642944336,100.91999053955078,23.564023971557617,82.27999114990234,818.3360004425049,100.91999053955078,827.2399997711182,91.59999084472656,19.112024307250977,822.7880001068115,595.2999877929688,841.9000244140625
1,0,0,3,No.,103.1679916381836,14.660024642944336,115.55998992919922,23.564023971557617,103.1679916381836,818.3360004425049,115.55998992919922,827.2399997711182,109.3639907836914,19.112024307250977,822.7880001068115,595.2999877929688,841.9000244140625
1,0,0,4,6,117.73599243164062,14.660024642944336,122.18399047851562,23.564023971557617,117.73599243164062,818.3360004425049,122.18399047851562,827.2399997711182,119.95999145507812,19.112024307250977,822.7880001068115,595.2999877929688,841.9000244140625
1,0,1,0,Revised,36.0,23.860036849975582,64.9280014038086,32.7640380859375,36.0,809.135986328125,64.9280014038086,818.0399875640869,50.4640007019043,28.312037467956543,813.587986946106,595.2999877929688,841.9000244140625
1,0,1,1,2020,67.19999694824219,23.860036849975582,84.91999053955078,32.7640380859375,67.19999694824219,809.135986328125,84.91999053955078,818.0399875640869,76.05999374389648,28.312037467956543,813.587986946106,595.2999877929688,841.9000244140625
1,1,0,0,Republic,226.52999877929688,34.94502258300781,272.927978515625,47.21002578735352,226.52999877929688,794.689998626709,272.927978515625,806.9550018310547,249.72898864746094,41.077524185180664,800.8225002288818,595.2999877929688,841.9000244140625
1,1,0,1,of,275.9859924316406,34.94502258300781,286.3699951171875,47.21002578735352,275.9859924316406,794.689998626709,286.3699951171875,806.9550018310547,281.17799377441406,41.077524185180664,800.8225002288818,595.2999877929688,841.9000244140625
1,1,0,2,the,289.4939880371094,34.94502258300781,306.0159912109375,47.21002578735352,289.4939880371094,794.689998626709,306.0159912109375,806.9550018310547,297.75498962402344,41.077524185180664,800.8225002288818,595.2999877929688,841.9000244140625
1,1,0,3,Philippines,309.0740051269531,34.94502258300781,367.6710815429688,47.21002578735352,309.0740051269531,794.689998626709,367.6710815429688,806.9550018310547,338.37254333496094,41.077524185180664,800.8225002288818,595.2999877929688,841.9000244140625
1,1,1,0,PHILIPPINE,176.42999267578125,50.0,253.83001708984372,62.0,176.42999267578125,779.9000244140625,253.83001708984372,791.9000244140625,215.1300048828125,56.0,785.9000244140625,595.2999877929688,841.9000244140625
1,1,1,1,STATISTICS,257.7179870605469,50.0,332.6699523925781,62.0,257.7179870605469,779.9000244140625,332.6699523925781,791.9000244140625,295.1939697265625,56.0,785.9000244140625,595.2999877929688,841.9000244140625
1,1,1,2,AUTHORITY,336.40191650390625,50.0,417.161865234375,62.0,336.40191650390625,779.9000244140625,417.161865234375,791.9000244140625,376.7818908691406,56.0,785.9000244140625,595.2999877929688,841.9000244140625
1,2,0,0,PSA,197.5200042724609,62.76000213623047,213.4640045166016,71.68000030517578,197.5200042724609,770.2200241088867,213.4640045166016,779.140022277832,205.49200439453125,67.22000122070312,774.6800231933594,595.2999877929688,841.9000244140625
1,2,0,1,"Complex,",215.656005859375,62.76000213623047,249.6240234375,71.68000030517578,215.656005859375,770.2200241088867,249.6240234375,779.140022277832,232.6400146484375,67.22000122070312,774.6800231933594,595.2999877929688,841.9000244140625
1,2,0,2,East,251.8240203857422,62.76000213623047,267.82403564453125,71.68000030517578,251.8240203857422,770.2200241088867,267.82403564453125,779.140022277832,259.8240280151367,67.22000122070312,774.6800231933594,595.2999877929688,841.9000244140625
1,2,0,3,"Avenue,",270.0240478515625,62.76000213623047,299.4160461425781,71.68000030517578,270.0240478515625,770.2200241088867,299.4160461425781,779.140022277832,284.7200469970703,67.22000122070312,774.6800231933594,595.2999877929688,841.9000244140625
1,2,0,4,"Diliman,",301.5120544433594,62.76000213623047,330.48004150390625,71.68000030517578,301.5120544433594,770.2200241088867,330.48004150390625,779.140022277832,315.9960479736328,67.22000122070312,774.6800231933594,595.2999877929688,841.9000244140625
1,2,0,5,Quezon,332.6560363769531,62.76000213623047,360.6960144042969,71.68000030517578,332.6560363769531,770.2200241088867,360.6960144042969,779.140022277832,346.676025390625,67.22000122070312,774.6800231933594,595.2999877929688,841.9000244140625
1,2,0,6,City,362.968017578125,62.76000213623047,376.656005859375,71.68000030517578,362.968017578125,770.2200241088867,376.656005859375,779.140022277832,369.81201171875,67.22000122070312,774.6800231933594,595.2999877929688,841.9000244140625
1,2,0,7,1100,378.8560180664063,62.76000213623047,396.66400146484375,71.68000030517578,378.8560180664063,770.2200241088867,396.66400146484375,779.140022277832,387.760009765625,67.22000122070312,774.6800231933594,595.2999877929688,841.9000244140625
1,2,1,0,Stamp,488.0799865722656,58.36003875732422,511.20794677734375,67.28003692626953,488.0799865722656,774.619987487793,511.20794677734375,783.5399856567383,499.6439666748047,62.820037841796875,779.0799865722656,595.2999877929688,841.9000244140625
1,2,1,1,of,513.47998046875,58.36003875732422,520.16796875,67.28003692626953,513.47998046875,774.619987487793,520.16796875,783.5399856567383,516.823974609375,62.820037841796875,779.0799865722656,595.2999877929688,841.9000244140625
1,2,1,2,Date,522.343994140625,58.36003875732422,539.1759643554688,67.28003692626953,522.343994140625,774.619987487793,539.1759643554688,783.5399856567383,530.7599792480469,62.820037841796875,779.0799865722656,595.2999877929688,841.9000244140625
1,2,1,3,of,541.4479370117188,58.36003875732422,548.1359252929688,67.28003692626953,541.4479370117188,774.619987487793,548.1359252929688,783.5399856567383,544.7919311523438,62.820037841796875,779.0799865722656,595.2999877929688,841.9000244140625
1,2,1,4,Receipt,550.3119506835938,58.36003875732422,577.5118408203125,67.28003692626953,550.3119506835938,774.619987487793,577.5118408203125,783.5399856567383,563.9118957519531,62.820037841796875,779.0799865722656,595.2999877929688,841.9000244140625
1,3,0,0,APPLICATION,208.22000122070312,95.33000183105467,303.19598388671875,110.94000244140624,208.22000122070312,730.9600219726562,303.19598388671875,746.5700225830078,255.70799255371094,103.13500213623045,738.765022277832,595.2999877929688,841.9000244140625
1,3,0,1,FOR,307.00396728515625,95.33000183105467,336.5859680175781,110.94000244140624,307.00396728515625,730.9600219726562,336.5859680175781,746.5700225830078,321.7949676513672,103.13500213623045,738.765022277832,595.2999877929688,841.9000244140625
1,3,0,2,LEAVE,340.4779663085937,95.33000183105467,387.1539916992188,110.94000244140624,340.4779663085937,730.9600219726562,387.1539916992188,746.5700225830078,363.81597900390625,103.13500213623045,738.765022277832,595.2999877929688,841.9000244140625
1,4,0,0,1.,36.0,125.4700164794922,44.369998931884766,136.62002563476562,36.0,705.2799987792969,44.369998931884766,716.4300079345703,40.18499946594238,131.0450210571289,710.8550033569336,595.2999877929688,841.9000244140625
1,4,0,1,OFFICE/DEPARTMENT,47.17999649047852,125.4700164794922,155.45999145507812,136.62002563476562,47.17999649047852,705.2799987792969,155.45999145507812,716.4300079345703,101.31999397277832,131.0450210571289,710.8550033569336,595.2999877929688,841.9000244140625
1,6,0,0,2.,232.8300018310547,125.4700164794922,241.1999969482422,136.62002563476562,232.8300018310547,705.2799987792969,241.1999969482422,716.4300079345703,237.01499938964844,131.0450210571289,710.8550033569336,595.2999877929688,841.9000244140625
1,6,0,1,NAME:,244.00999450683597,125.4700164794922,275.67999267578125,136.62002563476562,244.00999450683597,705.2799987792969,275.67999267578125,716.4300079345703,259.8449935913086,131.0450210571289,710.8550033569336,595.2999877929688,841.9000244140625
1,6,0,2,(Last),300.75,125.4700164794922,326.2499694824219,136.62002563476562,300.75,705.2799987792969,326.2499694824219,716.4300079345703,313.49998474121094,131.0450210571289,710.8550033569336,595.2999877929688,841.9000244140625
1,6,0,3,(First),390.25,125.4700164794922,416.2599487304688,136.62002563476562,390.25,705.2799987792969,416.2599487304688,716.4300079345703,403.2549743652344,131.0450210571289,710.8550033569336,595.2999877929688,841.9000244140625
1,6,0,4,(Middle),480.2699890136719,125.4700164794922,516.280029296875,136.62002563476562,480.2699890136719,705.2799987792969,516.280029296875,716.4300079345703,498.27500915527344,131.0450210571289,710.8550033569336,595.2999877929688,841.9000244140625
1,7,0,0,3.,36.0,157.27000427246094,44.369998931884766,168.42001342773438,36.0,673.4800109863281,44.369998931884766,684.6300201416016,40.18499946594238,162.84500885009766,679.0550155639648,595.2999877929688,841.9000244140625
1,7,0,1,DATE,47.17999649047852,157.27000427246094,73.8499984741211,168.42001342773438,47.17999649047852,673.4800109863281,73.8499984741211,684.6300201416016,60.514997482299805,162.84500885009766,679.0550155639648,595.2999877929688,841.9000244140625
1,7,0,2,OF,76.56999206542969,157.27000427246094,90.45999145507812,168.42001342773438,76.56999206542969,673.4800109863281,90.45999145507812,684.6300201416016,83.5149917602539,162.84500885009766,679.0550155639648,595.2999877929688,841.9000244140625
1,7,0,3,FILING:,93.2599868774414,157.27000427246094,128.3000030517578,168.42001342773438,93.2599868774414,673.4800109863281,128.3000030517578,684.6300201416016,110.77999496459961,162.84500885009766,679.0550155639648,595.2999877929688,841.9000244140625
1,7,1,0,4.,232.8300018310547,157.3700408935547,241.1999969482422,168.52005004882812,232.8300018310547,673.3799743652344,241.1999969482422,684.5299835205078,237.01499938964844,162.9450454711914,678.9549789428711,595.2999877929688,841.9000244140625
1,7,1,1,POSITION,244.00999450683597,157.3700408935547,291.8099975585937,168.52005004882812,244.00999450683597,673.3799743652344,291.8099975585937,684.5299835205078,267.90999603271484,162.9450454711914,678.9549789428711,595.2999877929688,841.9000244140625
1,7,2,0,5.,413.8500061035156,157.3700408935547,422.2200012207031,168.52005004882812,413.8500061035156,673.3799743652344,422.2200012207031,684.5299835205078,418.0350036621094,162.9450454711914,678.9549789428711,595.2999877929688,841.9000244140625
1,7,2,1,SALARY,425.0299987792969,157.3700408935547,464.4800415039063,168.52005004882812,425.0299987792969,673.3799743652344,464.4800415039063,684.5299835205078,444.75502014160156,162.9450454711914,678.9549789428711,595.2999877929688,841.9000244140625
1,8,0,0,6.,221.42999267578125,179.3700408935547,229.79998779296875,190.52005004882807,221.42999267578125,651.3799743652344,229.79998779296875,662.5299835205078,225.614990234375,184.94504547119138,656.9549789428711,595.2999877929688,841.9000244140625
1,8,0,1,DETAILS,232.6099853515625,179.3700408935547,275.3799743652344,190.52005004882807,232.6099853515625,651.3799743652344,275.3799743652344,662.5299835205078,253.99497985839844,184.94504547119138,656.9549789428711,595.2999877929688,841.9000244140625
1,8,0,2,OF,278.1899719238281,179.3700408935547,292.0799560546875,190.52005004882807,278.1899719238281,651.3799743652344,292.0799560546875,662.5299835205078,285.1349639892578,184.94504547119138,656.9549789428711,595.2999877929688,841.9000244140625
1,8,0,3,APPLICATION,294.7699584960937,179.3700408935547,362.5799560546875,190.52005004882807,294.7699584960937,651.3799743652344,362.5799560546875,662.5299835205078,328.6749572753906,184.94504547119138,656.9549789428711,595.2999877929688,841.9000244140625
1,9,0,0,6.A,36.0,198.3700408935547,51.040000915527344,209.52005004882807,36.0,632.3799743652344,51.040000915527344,643.5299835205078,43.52000045776367,203.94504547119138,637.9549789428711,595.2999877929688,841.9000244140625
1,9,0,1,TYPE,53.86000061035156,198.3700408935547,79.91999816894531,209.52005004882807,53.86000061035156,632.3799743652344,79.91999816894531,643.5299835205078,66.88999938964844,203.94504547119138,637.9549789428711,595.2999877929688,841.9000244140625
1,9,0,2,OF,82.75,198.3700408935547,96.66999816894533,209.52005004882807,82.75,632.3799743652344,96.66999816894533,643.5299835205078,89.70999908447266,203.94504547119138,637.9549789428711,595.2999877929688,841.9000244140625
1,9,0,3,LEAVE,99.33999633789062,198.3700408935547,131.58999633789062,209.52005004882807,99.33999633789062,632.3799743652344,131.58999633789062,643.5299835205078,115.46499633789062,203.94504547119138,637.9549789428711,595.2999877929688,841.9000244140625
1,9,0,4,TO,134.33999633789062,198.3700408935547,148.22999572753906,209.52005004882807,134.33999633789062,632.3799743652344,148.22999572753906,643.5299835205078,141.28499603271484,203.94504547119138,637.9549789428711,595.2999877929688,841.9000244140625
1,9,0,5,BE,151.02999877929688,198.3700408935547,164.3699951171875,209.52005004882807,151.02999877929688,632.3799743652344,164.3699951171875,643.5299835205078,157.6999969482422,203.94504547119138,637.9549789428711,595.2999877929688,841.9000244140625
1,9,0,6,AVAILED,167.1999969482422,198.3700408935547,209.38998413085935,209.52005004882807,167.1999969482422,632.3799743652344,209.38998413085935,643.5299835205078,188.29499053955078,203.94504547119138,637.9549789428711,595.2999877929688,841.9000244140625
1,9,0,7,OF,212.1899871826172,198.3700408935547,226.0799865722656,209.52005004882807,212.1899871826172,632.3799743652344,226.0799865722656,643.5299835205078,219.1349868774414,203.94504547119138,637.9549789428711,595.2999877929688,841.9000244140625
1,9,1,0,6.B,328.3500061035156,198.3700408935547,343.3900146484375,209.52005004882807,328.3500061035156,632.3799743652344,343.3900146484375,643.5299835205078,335.87001037597656,203.94504547119138,637.9549789428711,595.2999877929688,841.9000244140625
1,9,1,1,DETAILS,346.21002197265625,198.3700408935547,387.8900451660156,209.52005004882807,346.21002197265625,632.3799743652344,387.8900451660156,643.5299835205078,367.05003356933594,203.94504547119138,637.9549789428711,595.2999877929688,841.9000244140625
1,9,1,2,OF,390.60003662109375,198.3700408935547,404.52001953125,209.52005004882807,390.60003662109375,632.3799743652344,404.52001953125,643.5299835205078,397.5600280761719,203.94504547119138,637.9549789428711,595.2999877929688,841.9000244140625
1,9,1,3,LEAVE,407.3000183105469,198.3700408935547,439.4500732421875,209.52005004882807,407.3000183105469,632.3799743652344,439.4500732421875,643.5299835205078,423.3750457763672,203.94504547119138,637.9549789428711,595.2999877929688,841.9000244140625
1,9,4,0,Vacation,53.79999923706055,219.18003845214844,84.94400024414062,228.10003662109372,53.79999923706055,613.7999877929688,84.94400024414062,622.7199859619141,69.37199974060059,223.6400375366211,618.2599868774414,595.2999877929688,841.9000244140625
1,9,4,1,Leave,87.21599578857422,219.18003845214844,109.02398681640624,228.10003662109372,87.21599578857422,613.7999877929688,109.02398681640624,622.7199859619141,98.11999130249023,223.6400375366211,618.2599868774414,595.2999877929688,841.9000244140625
1,9,4,2,(Sec.,111.33000183105467,220.99005126953125,125.2979965209961,227.68003845214844,111.33000183105467,614.2199859619141,125.2979965209961,620.9099731445312,118.31399917602539,224.33504486083984,617.5649795532227,595.2999877929688,841.9000244140625
1,9,4,3,"51,",126.92399597167967,220.99005126953125,135.19200134277344,227.68003845214844,126.92399597167967,614.2199859619141,135.19200134277344,620.9099731445312,131.05799865722656,224.33504486083984,617.5649795532227,595.2999877929688,841.9000244140625
1,9,4,4,Rule,136.9080047607422,220.99005126953125,149.14801025390625,227.68003845214844,136.9080047607422,614.2199859619141,149.14801025390625,620.9099731445312,143.02800750732422,224.33504486083984,617.5649795532227,595.2999877929688,841.9000244140625
1,9,4,5,"XVI,",150.80401611328125,220.99005126953125,162.2580108642578,227.68003845214844,150.80401611328125,614.2199859619141,162.2580108642578,620.9099731445312,156.53101348876953,224.33504486083984,617.5649795532227,595.2999877929688,841.9000244140625
1,9,4,6,Omnibus,163.97401428222656,220.99005126953125,187.86602783203125,227.68003845214844,163.97401428222656,614.2199859619141,187.86602783203125,620.9099731445312,175.9200210571289,224.33504486083984,617.5649795532227,595.2999877929688,841.9000244140625
1,9,4,7,Rules,189.5580291748047,220.99005126953125,204.7620391845703,227.68003845214844,189.5580291748047,614.2199859619141,204.7620391845703,620.9099731445312,197.1600341796875,224.33504486083984,617.5649795532227,595.2999877929688,841.9000244140625
1,9,4,8,Implementing,206.45404052734372,220.99005126953125,242.4540557861328,227.68003845214844,206.45404052734372,614.2199859619141,242.4540557861328,620.9099731445312,224.45404815673828,224.33504486083984,617.5649795532227,595.2999877929688,841.9000244140625
1,9,4,9,E.O.,244.1100616455078,220.99005126953125,256.1640625,227.68003845214844,244.1100616455078,614.2199859619141,256.1640625,620.9099731445312,250.1370620727539,224.33504486083984,617.5649795532227,595.2999877929688,841.9000244140625
1,9,4,10,No.,257.8800354003906,220.99005126953125,267.1500244140625,227.68003845214844,257.8800354003906,614.2199859619141,267.1500244140625,620.9099731445312,262.51502990722656,224.33504486083984,617.5649795532227,595.2999877929688,841.9000244140625
1,9,4,11,292),268.8659973144531,220.99005126953125,280.7639465332031,227.68003845214844,268.8659973144531,614.2199859619141,280.7639465332031,620.9099731445312,274.8149719238281,224.33504486083984,617.5649795532227,595.2999877929688,841.9000244140625
1,9,6,0,Mandatory/Forced,53.79999923706055,235.28001403808597,118.70397186279295,244.20001220703125,53.79999923706055,597.7000122070312,118.70397186279295,606.6200103759766,86.25198554992676,239.7400131225586,602.1600112915039,595.2999877929688,841.9000244140625
1,9,6,1,Leave,120.97596740722656,235.28001403808597,142.69598388671875,244.20001220703125,120.97596740722656,597.7000122070312,142.69598388671875,606.6200103759766,131.83597564697266,239.7400131225586,602.1600112915039,595.2999877929688,841.9000244140625
1,9,6,2,(Sec.,145.02999877929688,237.09002685546875,158.9980010986328,243.78001403808597,145.02999877929688,598.1200103759766,158.9980010986328,604.8099975585938,152.01399993896484,240.43502044677734,601.4650039672852,595.2999877929688,841.9000244140625
1,9,6,3,"25,",160.71400451660156,237.09002685546875,168.9820098876953,243.78001403808597,160.71400451660156,598.1200103759766,168.9820098876953,604.8099975585938,164.84800720214844,240.43502044677734,601.4650039672852,595.2999877929688,841.9000244140625
1,9,6,4,Rule,170.69801330566406,237.09002685546875,182.93801879882807,243.78001403808597,170.69801330566406,598.1200103759766,182.93801879882807,604.8099975585938,176.81801605224607,240.43502044677734,601.4650039672852,595.2999877929688,841.9000244140625
1,9,6,5,"XVI,",184.59402465820312,237.09002685546875,195.95802307128903,243.78001403808597,184.59402465820312,598.1200103759766,195.95802307128903,604.8099975585938,190.2760238647461,240.43502044677734,601.4650039672852,595.2999877929688,841.9000244140625
1,9,6,6,Omnibus,197.6740264892578,237.09002685546875,221.5660400390625,243.78001403808597,197.6740264892578,598.1200103759766,221.5660400390625,604.8099975585938,209.62003326416016,240.43502044677734,601.4650039672852,595.2999877929688,841.9000244140625
1,9,6,7,Rules,223.25804138183597,237.09002685546875,238.5520477294922,243.78001403808597,223.25804138183597,598.1200103759766,238.5520477294922,604.8099975585938,230.90504455566406,240.43502044677734,601.4650039672852,595.2999877929688,841.9000244140625
1,9,6,8,Implementing,240.2440490722656,237.09002685546875,276.1600036621094,243.78001403808597,240.2440490722656,598.1200103759766,276.1600036621094,604.8099975585938,258.2020263671875,240.43502044677734,601.4650039672852,595.2999877929688,841.9000244140625
1,9,6,9,E.O.,277.81597900390625,237.09002685546875,289.8699645996094,243.78001403808597,277.81597900390625,598.1200103759766,289.8699645996094,604.8099975585938,283.8429718017578,240.43502044677734,601.4650039672852,595.2999877929688,841.9000244140625
1,9,6,10,No.,291.5859375,237.09002685546875,300.8559265136719,243.78001403808597,291.5859375,598.1200103759766,300.8559265136719,604.8099975585938,296.22093200683594,240.43502044677734,601.4650039672852,595.2999877929688,841.9000244140625
1,9,6,11,292),302.5718994140625,237.09002685546875,314.4698486328125,243.78001403808597,302.5718994140625,598.1200103759766,314.4698486328125,604.8099975585938,308.5208740234375,240.43502044677734,601.4650039672852,595.2999877929688,841.9000244140625
1,9,8,0,Sick,53.79999923706055,251.37998962402344,68.89599609375,260.29998779296875,53.79999923706055,581.6000366210938,68.89599609375,590.5200347900391,61.34799766540527,255.8399887084961,586.0600357055664,595.2999877929688,841.9000244140625
1,9,8,1,Leave,71.09599304199219,251.37998962402344,92.93597412109376,260.29998779296875,71.09599304199219,581.6000366210938,92.93597412109376,590.5200347900391,82.01598358154297,255.8399887084961,586.0600357055664,595.2999877929688,841.9000244140625
1,9,8,2,(Sec.,95.2249984741211,253.19000244140625,109.1929931640625,259.8800048828125,95.2249984741211,582.02001953125,109.1929931640625,588.7100219726562,102.2089958190918,256.5350036621094,585.3650207519531,595.2999877929688,841.9000244140625
1,9,8,3,"43,",110.90899658203124,253.19000244140625,119.17698669433594,259.8800048828125,110.90899658203124,582.02001953125,119.17698669433594,588.7100219726562,115.0429916381836,256.5350036621094,585.3650207519531,595.2999877929688,841.9000244140625
1,9,8,4,Rule,120.89299011230467,253.19000244140625,133.13299560546875,259.8800048828125,120.89299011230467,582.02001953125,133.13299560546875,588.7100219726562,127.01299285888672,256.5350036621094,585.3650207519531,595.2999877929688,841.9000244140625
1,9,8,5,"XVI,",134.78900146484375,253.19000244140625,146.1529998779297,259.8800048828125,134.78900146484375,582.02001953125,146.1529998779297,588.7100219726562,140.47100067138672,256.5350036621094,585.3650207519531,595.2999877929688,841.9000244140625
1,9,8,6,Omnibus,147.86900329589844,253.19000244140625,171.6710205078125,259.8800048828125,147.86900329589844,582.02001953125,171.6710205078125,588.7100219726562,159.77001190185547,256.5350036621094,585.3650207519531,595.2999877929688,841.9000244140625
1,9,8,7,Rules,173.36302185058594,253.19000244140625,188.6570281982422,259.8800048828125,173.36302185058594,582.02001953125,188.6570281982422,588.7100219726562,181.01002502441406,256.5350036621094,585.3650207519531,595.2999877929688,841.9000244140625
1,9,8,8,Implementing,190.3490295410156,253.19000244140625,226.3610382080078,259.8800048828125,190.3490295410156,582.02001953125,226.3610382080078,588.7100219726562,208.35503387451172,256.5350036621094,585.3650207519531,595.2999877929688,841.9000244140625
1,9,8,9,E.O.,228.0170440673828,253.19000244140625,240.071044921875,259.8800048828125,228.0170440673828,582.02001953125,240.071044921875,588.7100219726562,234.0440444946289,256.5350036621094,585.3650207519531,595.2999877929688,841.9000244140625
1,9,8,10,No.,241.78704833984372,253.19000244140625,251.0570526123047,259.8800048828125,241.78704833984372,582.02001953125,251.0570526123047,588.7100219726562,246.42205047607422,256.5350036621094,585.3650207519531,595.2999877929688,841.9000244140625
1,9,8,11,292),252.77305603027344,253.19000244140625,264.6710205078125,259.8800048828125,252.77305603027344,582.02001953125,264.6710205078125,588.7100219726562,258.72203826904297,256.5350036621094,585.3650207519531,595.2999877929688,841.9000244140625
1,9,10,0,Maternity,53.79999923706055,267.48004150390625,86.79198455810547,276.4000244140625,53.79999923706055,565.5,86.79198455810547,574.4199829101562,70.29599189758301,271.9400329589844,569.9599914550781,595.2999877929688,841.9000244140625
1,9,10,1,Leave,88.99198150634766,267.48004150390625,110.71196746826172,276.4000244140625,88.99198150634766,565.5,110.71196746826172,574.4199829101562,99.85197448730469,271.9400329589844,569.9599914550781,595.2999877929688,841.9000244140625
1,9,10,2,(RA,112.22000122070312,269.2900390625,122.52200317382812,275.98004150390625,112.22000122070312,565.9199829101562,122.52200317382812,572.6099853515625,117.37100219726562,272.6350402832031,569.2649841308594,595.2999877929688,841.9000244140625
1,9,10,3,No.,124.21400451660156,269.2900390625,133.4840087890625,275.98004150390625,124.21400451660156,565.9199829101562,133.4840087890625,572.6099853515625,128.84900665283203,272.6350402832031,569.2649841308594,595.2999877929688,841.9000244140625
1,9,10,4,11210/IRR,135.20001220703125,269.2900390625,163.71803283691406,275.98004150390625,135.20001220703125,565.9199829101562,163.71803283691406,572.6099853515625,149.45902252197266,272.6350402832031,569.2649841308594,595.2999877929688,841.9000244140625
1,9,10,5,issued,165.38003540039062,269.2900390625,182.7140350341797,275.98004150390625,165.38003540039062,565.9199829101562,182.7140350341797,572.6099853515625,174.04703521728516,272.6350402832031,569.2649841308594,595.2999877929688,841.9000244140625
1,9,10,6,by,184.3700408935547,269.2900390625,190.6700439453125,275.98004150390625,184.3700408935547,565.9199829101562,190.6700439453125,572.6099853515625,187.5200424194336,272.6350402832031,569.2649841308594,595.2999877929688,841.9000244140625
1,9,10,7,"CSC,",192.36204528808597,269.2900390625,206.6300506591797,275.98004150390625,192.36204528808597,565.9199829101562,206.6300506591797,572.6099853515625,199.4960479736328,272.6350402832031,569.2649841308594,595.2999877929688,841.9000244140625
1,9,10,8,DOLE,208.34605407714844,269.2900390625,224.64205932617188,275.98004150390625,208.34605407714844,565.9199829101562,224.64205932617188,572.6099853515625,216.49405670166016,272.6350402832031,569.2649841308594,595.2999877929688,841.9000244140625
1,9,10,9,and,226.3340606689453,269.2900390625,236.36605834960935,275.98004150390625,226.3340606689453,565.9199829101562,236.36605834960935,572.6099853515625,231.35005950927734,272.6350402832031,569.2649841308594,595.2999877929688,841.9000244140625
1,9,10,10,SSS),238.0220642089844,269.2900390625,252.02606201171875,275.98004150390625,238.0220642089844,565.9199829101562,252.02606201171875,572.6099853515625,245.02406311035156,272.6350402832031,569.2649841308594,595.2999877929688,841.9000244140625
1,9,12,0,Paternity,53.79999923706055,283.5800170898437,85.4000015258789,292.5,53.79999923706055,549.4000244140625,85.4000015258789,558.3200073242188,69.60000038146973,288.0400085449219,553.8600158691406,595.2999877929688,841.9000244140625
1,9,12,1,Leave,87.5999984741211,283.5800170898437,109.40798950195312,292.5,87.5999984741211,549.4000244140625,109.40798950195312,558.3200073242188,98.50399398803711,288.0400085449219,553.8600158691406,595.2999877929688,841.9000244140625
1,9,12,2,(RA,111.72000122070312,285.3900146484375,122.02200317382812,292.0800170898437,111.72000122070312,549.8200073242188,122.02200317382812,556.510009765625,116.87100219726562,288.7350158691406,553.1650085449219,595.2999877929688,841.9000244140625
1,9,12,3,No.,123.71400451660156,285.3900146484375,132.9840087890625,292.0800170898437,123.71400451660156,549.8200073242188,132.9840087890625,556.510009765625,128.34900665283203,288.7350158691406,553.1650085449219,595.2999877929688,841.9000244140625
1,9,12,4,8187/CSC,134.70001220703125,285.3900146484375,162.31802368164062,292.0800170898437,134.70001220703125,549.8200073242188,162.31802368164062,556.510009765625,148.50901794433594,288.7350158691406,553.1650085449219,595.2999877929688,841.9000244140625
1,9,12,5,MC,163.97402954101562,285.3900146484375,173.3040313720703,292.0800170898437,163.97402954101562,549.8200073242188,173.3040313720703,556.510009765625,168.63903045654297,288.7350158691406,553.1650085449219,595.2999877929688,841.9000244140625
1,9,12,6,No.,174.96603393554688,285.3900146484375,184.2360382080078,292.0800170898437,174.96603393554688,549.8200073242188,184.2360382080078,556.510009765625,179.60103607177734,288.7350158691406,553.1650085449219,595.2999877929688,841.9000244140625
1,9,12,7,"71,",185.95204162597656,285.3900146484375,194.2200469970703,292.0800170898437,185.95204162597656,549.8200073242188,194.2200469970703,556.510009765625,190.08604431152344,288.7350158691406,553.1650085449219,595.2999877929688,841.9000244140625
1,9,12,8,s.,195.93605041503903,285.3900146484375,200.6040496826172,292.0800170898437,195.93605041503903,549.8200073242188,200.6040496826172,556.510009765625,198.27005004882812,288.7350158691406,553.1650085449219,595.2999877929688,841.9000244140625
1,9,12,9,"1998,",202.32005310058597,285.3900146484375,217.1880645751953,292.0800170898437,202.32005310058597,549.8200073242188,217.1880645751953,556.510009765625,209.75405883789062,288.7350158691406,553.1650085449219,595.2999877929688,841.9000244140625
1,9,12,10,as,218.9040679931641,285.3900146484375,225.20407104492188,292.0800170898437,218.9040679931641,549.8200073242188,225.20407104492188,556.510009765625,222.05406951904297,288.7350158691406,553.1650085449219,595.2999877929688,841.9000244140625
1,9,12,11,amended),226.8960723876953,285.3900146484375,253.8840789794922,292.0800170898437,226.8960723876953,549.8200073242188,253.8840789794922,556.510009765625,240.39007568359375,288.7350158691406,553.1650085449219,595.2999877929688,841.9000244140625
1,9,14,0,Special,53.79999923706055,303.1800537109375,80.06400299072266,312.1000366210937,53.79999923706055,529.7999877929688,80.06400299072266,538.719970703125,66.9320011138916,307.6400451660156,534.2599792480469,595.2999877929688,841.9000244140625
1,9,14,1,Privilege,82.30400085449219,303.1800537109375,112.91199493408205,312.1000366210937,82.30400085449219,529.7999877929688,112.91199493408205,538.719970703125,97.60799789428711,307.6400451660156,534.2599792480469,595.2999877929688,841.9000244140625
1,9,14,2,Leave,115.18399047851562,303.1800537109375,136.9919891357422,312.1000366210937,115.18399047851562,529.7999877929688,136.9919891357422,538.719970703125,126.0879898071289,307.6400451660156,534.2599792480469,595.2999877929688,841.9000244140625
1,9,14,3,(Sec.,139.3300018310547,304.99005126953125,153.29800415039062,311.6800537109375,139.3300018310547,530.219970703125,153.29800415039062,536.9099731445312,146.31400299072266,308.3350524902344,533.5649719238281,595.2999877929688,841.9000244140625
1,9,14,4,"21,",154.92401123046875,304.99005126953125,163.1920166015625,311.6800537109375,154.92401123046875,530.219970703125,163.1920166015625,536.9099731445312,159.05801391601562,308.3350524902344,533.5649719238281,595.2999877929688,841.9000244140625
1,9,14,5,Rule,164.90802001953125,304.99005126953125,177.1480255126953,311.6800537109375,164.90802001953125,530.219970703125,177.1480255126953,536.9099731445312,171.02802276611328,308.3350524902344,533.5649719238281,595.2999877929688,841.9000244140625
1,9,14,6,"XVI,",178.8040313720703,304.99005126953125,190.16802978515625,311.6800537109375,178.8040313720703,530.219970703125,190.16802978515625,536.9099731445312,184.48603057861328,308.3350524902344,533.5649719238281,595.2999877929688,841.9000244140625
1,9,14,7,Omnibus,191.884033203125,304.99005126953125,215.7760467529297,311.6800537109375,191.884033203125,530.219970703125,215.7760467529297,536.9099731445312,203.83003997802734,308.3350524902344,533.5649719238281,595.2999877929688,841.9000244140625
1,9,14,8,Rules,217.46804809570312,304.99005126953125,232.76205444335935,311.6800537109375,217.46804809570312,530.219970703125,232.76205444335935,536.9099731445312,225.11505126953125,308.3350524902344,533.5649719238281,595.2999877929688,841.9000244140625
1,9,14,9,Implementing,234.4540557861328,304.99005126953125,270.46002197265625,311.6800537109375,234.4540557861328,530.219970703125,270.46002197265625,536.9099731445312,252.45703887939453,308.3350524902344,533.5649719238281,595.2999877929688,841.9000244140625
1,9,14,10,E.O.,272.1159973144531,304.99005126953125,284.16998291015625,311.6800537109375,272.1159973144531,530.219970703125,284.16998291015625,536.9099731445312,278.1429901123047,308.3350524902344,533.5649719238281,595.2999877929688,841.9000244140625
1,9,14,11,No.,285.8859558105469,304.99005126953125,295.15594482421875,311.6800537109375,285.8859558105469,530.219970703125,295.15594482421875,536.9099731445312,290.5209503173828,308.3350524902344,533.5649719238281,595.2999877929688,841.9000244140625
1,9,14,12,292),296.8719177246094,304.99005126953125,308.7698669433594,311.6800537109375,296.8719177246094,530.219970703125,308.7698669433594,536.9099731445312,302.8208923339844,308.3350524902344,533.5649719238281,595.2999877929688,841.9000244140625
1,9,16,0,Solo,53.79999923706055,319.280029296875,69.83999633789062,328.20001220703125,53.79999923706055,513.7000122070312,69.83999633789062,522.6199951171875,61.819997787475586,323.7400207519531,518.1600036621094,595.2999877929688,841.9000244140625
1,9,16,1,Parent,72.11199188232422,319.280029296875,95.70397186279295,328.20001220703125,72.11199188232422,513.7000122070312,95.70397186279295,522.6199951171875,83.9079818725586,323.7400207519531,518.1600036621094,595.2999877929688,841.9000244140625
1,9,16,2,Leave,97.87997436523438,319.280029296875,119.62396240234376,328.20001220703125,97.87997436523438,513.7000122070312,119.62396240234376,522.6199951171875,108.75196838378906,323.7400207519531,518.1600036621094,595.2999877929688,841.9000244140625
1,9,16,3,(RA,121.93000030517578,321.09002685546875,132.23199462890625,327.780029296875,121.93000030517578,514.1199951171875,132.23199462890625,520.8099975585938,127.08099746704102,324.4350280761719,517.4649963378906,595.2999877929688,841.9000244140625
1,9,16,4,No.,133.9239959716797,321.09002685546875,143.19400024414062,327.780029296875,133.9239959716797,514.1199951171875,143.19400024414062,520.8099975585938,138.55899810791016,324.4350280761719,517.4649963378906,595.2999877929688,841.9000244140625
1,9,16,5,8972/CSC,144.91000366210938,321.09002685546875,172.5340118408203,327.780029296875,144.91000366210938,514.1199951171875,172.5340118408203,520.8099975585938,158.72200775146484,324.4350280761719,517.4649963378906,595.2999877929688,841.9000244140625
1,9,16,6,MC,174.1900177001953,321.09002685546875,183.52001953125,327.780029296875,174.1900177001953,514.1199951171875,183.52001953125,520.8099975585938,178.85501861572266,324.4350280761719,517.4649963378906,595.2999877929688,841.9000244140625
1,9,16,7,No.,185.18202209472656,321.09002685546875,194.4520263671875,327.780029296875,185.18202209472656,514.1199951171875,194.4520263671875,520.8099975585938,189.81702423095703,324.4350280761719,517.4649963378906,595.2999877929688,841.9000244140625
1,9,16,8,"8,",196.16802978515625,321.09002685546875,201.1360321044922,327.780029296875,196.16802978515625,514.1199951171875,201.1360321044922,520.8099975585938,198.65203094482422,324.4350280761719,517.4649963378906,595.2999877929688,841.9000244140625
1,9,16,9,s.,202.8520355224609,321.09002685546875,207.52003479003903,327.780029296875,202.8520355224609,514.1199951171875,207.52003479003903,520.8099975585938,205.18603515624997,324.4350280761719,517.4649963378906,595.2999877929688,841.9000244140625
1,9,16,10,2004),209.2360382080078,321.09002685546875,224.43405151367188,327.780029296875,209.2360382080078,514.1199951171875,224.43405151367188,520.8099975585938,216.83504486083984,324.4350280761719,517.4649963378906,595.2999877929688,841.9000244140625
1,9,18,0,Study,53.79999923706055,335.3800354003906,74.28799438476562,344.3000183105469,53.79999923706055,497.6000061035156,74.28799438476562,506.5199890136719,64.04399681091309,339.84002685546875,502.05999755859375,595.2999877929688,841.9000244140625
1,9,18,1,Leave,76.48799133300781,335.3800354003906,98.3279800415039,344.3000183105469,76.48799133300781,497.6000061035156,98.3279800415039,506.5199890136719,87.40798568725586,339.84002685546875,502.05999755859375,595.2999877929688,841.9000244140625
1,9,18,2,(Sec.,100.62000274658205,337.1900329589844,114.58799743652344,343.8800354003906,100.62000274658205,498.0199890136719,114.58799743652344,504.7099914550781,107.60400009155273,340.5350341796875,501.364990234375,595.2999877929688,841.9000244140625
1,9,18,3,"68,",116.3040008544922,337.1900329589844,124.57199096679688,343.8800354003906,116.3040008544922,498.0199890136719,124.57199096679688,504.7099914550781,120.43799591064453,340.5350341796875,501.364990234375,595.2999877929688,841.9000244140625
1,9,18,4,Rule,126.28799438476562,337.1900329589844,138.5279998779297,343.8800354003906,126.28799438476562,498.0199890136719,138.5279998779297,504.7099914550781,132.40799713134766,340.5350341796875,501.364990234375,595.2999877929688,841.9000244140625
1,9,18,5,"XVI,",140.1840057373047,337.1900329589844,151.54800415039062,343.8800354003906,140.1840057373047,498.0199890136719,151.54800415039062,504.7099914550781,145.86600494384766,340.5350341796875,501.364990234375,595.2999877929688,841.9000244140625
1,9,18,6,Omnibus,153.17401123046875,337.1900329589844,177.06602478027344,343.8800354003906,153.17401123046875,498.0199890136719,177.06602478027344,504.7099914550781,165.1200180053711,340.5350341796875,501.364990234375,595.2999877929688,841.9000244140625
1,9,18,7,Rules,178.75802612304688,337.1900329589844,194.0580291748047,343.8800354003906,178.75802612304688,498.0199890136719,194.0580291748047,504.7099914550781,186.40802764892578,340.5350341796875,501.364990234375,595.2999877929688,841.9000244140625
1,9,18,8,Implementing,195.75003051757807,337.1900329589844,231.7500457763672,343.8800354003906,195.75003051757807,498.0199890136719,231.7500457763672,504.7099914550781,213.75003814697263,340.5350341796875,501.364990234375,595.2999877929688,841.9000244140625
1,9,18,9,E.O.,233.4060516357422,337.1900329589844,245.4600524902344,343.8800354003906,233.4060516357422,498.0199890136719,245.4600524902344,504.7099914550781,239.43305206298828,340.5350341796875,501.364990234375,595.2999877929688,841.9000244140625
1,9,18,10,No.,247.17605590820312,337.1900329589844,256.4460754394531,343.8800354003906,247.17605590820312,498.0199890136719,256.4460754394531,504.7099914550781,251.81106567382812,340.5350341796875,501.364990234375,595.2999877929688,841.9000244140625
1,9,18,11,292),258.1620483398437,337.1900329589844,270.0599975585937,343.8800354003906,258.1620483398437,498.0199890136719,270.0599975585937,504.7099914550781,264.1110229492187,340.5350341796875,501.364990234375,595.2999877929688,841.9000244140625
1,9,20,0,10-Day,53.79999923706055,351.5100402832031,79.68799591064453,360.4300231933594,53.79999923706055,481.4700012207031,79.68799591064453,490.3899841308594,66.74399757385254,355.97003173828125,485.92999267578125,595.2999877929688,841.9000244140625
1,9,20,1,VAWC,81.88799285888672,351.5100402832031,105.86399841308594,360.4300231933594,81.88799285888672,481.4700012207031,105.86399841308594,490.3899841308594,93.87599563598633,355.97003173828125,485.92999267578125,595.2999877929688,841.9000244140625
1,9,20,2,Leave,108.10399627685548,351.5100402832031,129.82398986816406,360.4300231933594,108.10399627685548,481.4700012207031,129.82398986816406,490.3899841308594,118.96399307250977,355.97003173828125,485.92999267578125,595.2999877929688,841.9000244140625
1,9,20,3,(RA,132.1300048828125,353.3200378417969,142.4320068359375,360.0100402832031,132.1300048828125,481.8899841308594,142.4320068359375,488.5799865722656,137.281005859375,356.6650390625,485.2349853515625,595.2999877929688,841.9000244140625
1,9,20,4,No.,144.12400817871094,353.3200378417969,153.39401245117188,360.0100402832031,144.12400817871094,481.8899841308594,153.39401245117188,488.5799865722656,148.7590103149414,356.6650390625,485.2349853515625,595.2999877929688,841.9000244140625
1,9,20,5,9262/CSC,155.11001586914062,353.3200378417969,182.72802734375,360.0100402832031,155.11001586914062,481.8899841308594,182.72802734375,488.5799865722656,168.9190216064453,356.6650390625,485.2349853515625,595.2999877929688,841.9000244140625
1,9,20,6,MC,184.39002990722656,353.3200378417969,193.72003173828125,360.0100402832031,184.39002990722656,481.8899841308594,193.72003173828125,488.5799865722656,189.0550308227539,356.6650390625,485.2349853515625,595.2999877929688,841.9000244140625
1,9,20,7,No.,195.3820343017578,353.3200378417969,204.65203857421875,360.0100402832031,195.3820343017578,481.8899841308594,204.65203857421875,488.5799865722656,200.01703643798828,356.6650390625,485.2349853515625,595.2999877929688,841.9000244140625
1,9,20,8,"15,",206.3680419921875,353.3200378417969,214.63604736328125,360.0100402832031,206.3680419921875,481.8899841308594,214.63604736328125,488.5799865722656,210.50204467773438,356.6650390625,485.2349853515625,595.2999877929688,841.9000244140625
1,9,20,9,s.,216.35205078125,353.3200378417969,221.02005004882807,360.0100402832031,216.35205078125,481.8899841308594,221.02005004882807,488.5799865722656,218.68605041503903,356.6650390625,485.2349853515625,595.2999877929688,841.9000244140625
1,9,20,10,2005),222.73605346679688,353.3200378417969,237.9340667724609,360.0100402832031,222.73605346679688,481.8899841308594,237.9340667724609,488.5799865722656,230.3350601196289,356.6650390625,485.2349853515625,595.2999877929688,841.9000244140625
1,9,22,0,Rehabilitation,53.79999923706055,367.6100463867188,102.3039779663086,376.530029296875,53.79999923706055,465.3699951171875,102.3039779663086,474.2899780273437,78.05198860168457,372.0700378417969,469.8299865722656,595.2999877929688,841.9000244140625
1,9,22,1,Privilege,104.5759735107422,367.6100463867188,135.1759796142578,376.530029296875,104.5759735107422,465.3699951171875,135.1759796142578,474.2899780273437,119.8759765625,372.0700378417969,469.8299865722656,595.2999877929688,841.9000244140625
1,9,22,2,(Sec.,137.52000427246094,369.4200439453125,151.48800659179688,376.1100463867188,137.52000427246094,465.7899780273437,151.48800659179688,472.47998046875,144.5040054321289,372.7650451660156,469.1349792480469,595.2999877929688,841.9000244140625
1,9,22,3,"55,",153.114013671875,369.4200439453125,161.38201904296875,376.1100463867188,153.114013671875,465.7899780273437,161.38201904296875,472.47998046875,157.24801635742188,372.7650451660156,469.1349792480469,595.2999877929688,841.9000244140625
1,9,22,4,Rule,163.0980224609375,369.4200439453125,175.33802795410156,376.1100463867188,163.0980224609375,465.7899780273437,175.33802795410156,472.47998046875,169.21802520751953,372.7650451660156,469.1349792480469,595.2999877929688,841.9000244140625
1,9,22,5,"XVI,",176.99403381347656,369.4200439453125,188.3580322265625,376.1100463867188,176.99403381347656,465.7899780273437,188.3580322265625,472.47998046875,182.67603302001953,372.7650451660156,469.1349792480469,595.2999877929688,841.9000244140625
1,9,22,6,Omnibus,190.07403564453125,369.4200439453125,213.96604919433597,376.1100463867188,190.07403564453125,465.7899780273437,213.96604919433597,472.47998046875,202.0200424194336,372.7650451660156,469.1349792480469,595.2999877929688,841.9000244140625
1,9,22,7,Rules,215.65805053710935,369.4200439453125,230.9520568847656,376.1100463867188,215.65805053710935,465.7899780273437,230.9520568847656,472.47998046875,223.30505371093747,372.7650451660156,469.1349792480469,595.2999877929688,841.9000244140625
1,9,22,8,Implementing,232.64405822753903,369.4200439453125,268.6500244140625,376.1100463867188,232.64405822753903,465.7899780273437,268.6500244140625,472.47998046875,250.64704132080078,372.7650451660156,469.1349792480469,595.2999877929688,841.9000244140625
1,9,22,9,E.O.,270.3059997558594,369.4200439453125,282.3599853515625,376.1100463867188,270.3059997558594,465.7899780273437,282.3599853515625,472.47998046875,276.33299255371094,372.7650451660156,469.1349792480469,595.2999877929688,841.9000244140625
1,9,22,10,No.,284.0759582519531,369.4200439453125,293.345947265625,376.1100463867188,284.0759582519531,465.7899780273437,293.345947265625,472.47998046875,288.71095275878906,372.7650451660156,469.1349792480469,595.2999877929688,841.9000244140625
1,9,22,11,292),295.0619201660156,369.4200439453125,306.9598693847656,376.1100463867188,295.0619201660156,465.7899780273437,306.9598693847656,472.47998046875,301.0108947753906,372.7650451660156,469.1349792480469,595.2999877929688,841.9000244140625
1,9,24,0,Special,53.79999923706055,383.71002197265625,80.06400299072266,392.6300048828125,53.79999923706055,449.27001953125,80.06400299072266,458.19000244140625,66.9320011138916,388.1700134277344,453.7300109863281,595.2999877929688,841.9000244140625
1,9,24,1,Leave,82.30400085449219,383.71002197265625,104.11199188232422,392.6300048828125,82.30400085449219,449.27001953125,104.11199188232422,458.19000244140625,93.2079963684082,388.1700134277344,453.7300109863281,595.2999877929688,841.9000244140625
1,9,24,2,Benefits,106.3839874267578,383.71002197265625,135.25596618652344,392.6300048828125,106.3839874267578,449.27001953125,135.25596618652344,458.19000244140625,120.81997680664062,388.1700134277344,453.7300109863281,595.2999877929688,841.9000244140625
1,9,24,3,for,137.45596313476562,383.71002197265625,146.71995544433594,392.6300048828125,137.45596313476562,449.27001953125,146.71995544433594,458.19000244140625,142.08795928955078,388.1700134277344,453.7300109863281,595.2999877929688,841.9000244140625
1,9,24,4,Women,148.9759521484375,383.71002197265625,176.58396911621094,392.6300048828125,148.9759521484375,449.27001953125,176.58396911621094,458.19000244140625,162.77996063232422,388.1700134277344,453.7300109863281,595.2999877929688,841.9000244140625
1,9,24,5,(RA,178.3300018310547,385.52001953125,188.6320037841797,392.21002197265625,178.3300018310547,449.69000244140625,188.6320037841797,456.3800048828125,183.4810028076172,388.8650207519531,453.0350036621094,595.2999877929688,841.9000244140625
1,9,24,6,No.,190.32400512695312,385.52001953125,199.5940093994141,392.21002197265625,190.32400512695312,449.69000244140625,199.5940093994141,456.3800048828125,194.9590072631836,388.8650207519531,453.0350036621094,595.2999877929688,841.9000244140625
1,9,24,7,9710/CSC,201.3100128173828,385.52001953125,228.8380279541016,392.21002197265625,201.3100128173828,449.69000244140625,228.8380279541016,456.3800048828125,215.0740203857422,388.8650207519531,453.0350036621094,595.2999877929688,841.9000244140625
1,9,24,8,MC,230.49403381347656,385.52001953125,239.82403564453125,392.21002197265625,230.49403381347656,449.69000244140625,239.82403564453125,456.3800048828125,235.1590347290039,388.8650207519531,453.0350036621094,595.2999877929688,841.9000244140625
1,9,24,9,No.,241.4860382080078,385.52001953125,250.84603881835935,392.21002197265625,241.4860382080078,449.69000244140625,250.84603881835935,456.3800048828125,246.1660385131836,388.8650207519531,453.0350036621094,595.2999877929688,841.9000244140625
1,9,24,10,"25,",252.56204223632807,385.52001953125,260.8300476074219,392.21002197265625,252.56204223632807,449.69000244140625,260.8300476074219,456.3800048828125,256.696044921875,388.8650207519531,453.0350036621094,595.2999877929688,841.9000244140625
1,9,24,11,s.,262.5460205078125,385.52001953125,267.2140197753906,392.21002197265625,262.5460205078125,449.69000244140625,267.2140197753906,456.3800048828125,264.88002014160156,388.8650207519531,453.0350036621094,595.2999877929688,841.9000244140625
1,9,24,12,2010),268.92999267578125,385.52001953125,284.1279296875,392.21002197265625,268.92999267578125,449.69000244140625,284.1279296875,456.3800048828125,276.5289611816406,388.8650207519531,453.0350036621094,595.2999877929688,841.9000244140625
1,9,26,0,Special,53.79999923706055,399.71002197265625,80.06400299072266,408.6300048828125,53.79999923706055,433.27001953125,80.06400299072266,442.19000244140625,66.9320011138916,404.1700134277344,437.7300109863281,595.2999877929688,841.9000244140625
1,9,26,1,Emergency,82.30400085449219,399.71002197265625,122.7599868774414,408.6300048828125,82.30400085449219,433.27001953125,122.7599868774414,442.19000244140625,102.5319938659668,404.1700134277344,437.7300109863281,595.2999877929688,841.9000244140625
1,9,26,2,(Calamity),124.9599838256836,399.71002197265625,161.2799835205078,408.6300048828125,124.9599838256836,433.27001953125,161.2799835205078,442.19000244140625,143.1199836730957,404.1700134277344,437.7300109863281,595.2999877929688,841.9000244140625
1,9,26,3,Leave,163.52798461914062,399.71002197265625,185.3359832763672,408.6300048828125,163.52798461914062,433.27001953125,185.3359832763672,442.19000244140625,174.4319839477539,404.1700134277344,437.7300109863281,595.2999877929688,841.9000244140625
1,9,26,4,(CSC,187.72999572753903,401.52001953125,202.36399841308597,408.21002197265625,187.72999572753903,433.69000244140625,202.36399841308597,440.3800048828125,195.0469970703125,404.8650207519531,437.0350036621094,595.2999877929688,841.9000244140625
1,9,26,5,MC,204.0200042724609,401.52001953125,213.3500061035156,408.21002197265625,204.0200042724609,433.69000244140625,213.3500061035156,440.3800048828125,208.68500518798825,404.8650207519531,437.0350036621094,595.2999877929688,841.9000244140625
1,9,26,6,No.,215.0120086669922,401.52001953125,224.28201293945312,408.21002197265625,215.0120086669922,433.69000244140625,224.28201293945312,440.3800048828125,219.64701080322266,404.8650207519531,437.0350036621094,595.2999877929688,841.9000244140625
1,9,26,7,"2,",225.99801635742188,401.52001953125,230.9660186767578,408.21002197265625,225.99801635742188,433.69000244140625,230.9660186767578,440.3800048828125,228.48201751708984,404.8650207519531,437.0350036621094,595.2999877929688,841.9000244140625
1,9,26,8,s.,232.68202209472656,401.52001953125,237.3500213623047,408.21002197265625,232.68202209472656,433.69000244140625,237.3500213623047,440.3800048828125,235.01602172851562,404.8650207519531,437.0350036621094,595.2999877929688,841.9000244140625
1,9,26,9,"2012,",238.9760284423828,401.52001953125,253.8440399169922,408.21002197265625,238.9760284423828,433.69000244140625,253.8440399169922,440.3800048828125,246.4100341796875,404.8650207519531,437.0350036621094,595.2999877929688,841.9000244140625
1,9,26,10,as,255.5600433349609,401.52001953125,261.86004638671875,408.21002197265625,255.5600433349609,433.69000244140625,261.86004638671875,440.3800048828125,258.71004486083984,404.8650207519531,437.0350036621094,595.2999877929688,841.9000244140625
1,9,26,11,amended),263.5520324707031,401.52001953125,290.4439392089844,408.21002197265625,263.5520324707031,433.69000244140625,290.4439392089844,440.3800048828125,276.99798583984375,404.8650207519531,437.0350036621094,595.2999877929688,841.9000244140625
1,9,28,0,Adoption,53.79999923706055,415.8100280761719,85.43998718261719,424.7300109863281,53.79999923706055,417.1700134277344,85.43998718261719,426.0899963378906,69.61999320983887,420.27001953125,421.6300048828125,595.2999877929688,841.9000244140625
1,9,28,1,Leave,87.71198272705078,415.8100280761719,109.43196868896484,424.7300109863281,87.71198272705078,417.1700134277344,109.43196868896484,426.0899963378906,98.57197570800781,420.27001953125,421.6300048828125,595.2999877929688,841.9000244140625
1,9,28,2,(RA,111.72000122070312,417.6200256347656,122.02200317382812,424.3100280761719,111.72000122070312,417.5899963378906,122.02200317382812,424.2799987792969,116.87100219726562,420.96502685546875,420.93499755859375,595.2999877929688,841.9000244140625
1,9,28,3,No.,123.71400451660156,417.6200256347656,132.9840087890625,424.3100280761719,123.71400451660156,417.5899963378906,132.9840087890625,424.2799987792969,128.34900665283203,420.96502685546875,420.93499755859375,595.2999877929688,841.9000244140625
1,9,28,4,8552),134.70001220703125,417.6200256347656,149.8980255126953,424.3100280761719,134.70001220703125,417.5899963378906,149.8980255126953,424.2799987792969,142.29901885986328,420.96502685546875,420.93499755859375,595.2999877929688,841.9000244140625
1,9,31,0,Others:,53.79999923706055,445.7050476074219,83.29900360107422,455.7400512695313,53.79999923706055,386.1599731445312,83.29900360107422,396.1949768066406,68.54950141906738,450.72254943847656,391.17747497558594,595.2999877929688,841.9000244140625
1,10,0,0,In,328.3500061035156,212.2750396728516,335.85400390625,222.2920379638672,328.3500061035156,619.6079864501953,335.85400390625,629.6249847412109,332.1020050048828,217.28353881835938,624.6164855957031,595.2999877929688,841.9000244140625
1,10,0,1,case,338.3520202636719,212.2750396728516,357.35400390625,222.2920379638672,338.3520202636719,619.6079864501953,357.35400390625,629.6249847412109,347.85301208496094,217.28353881835938,624.6164855957031,595.2999877929688,841.9000244140625
1,10,0,2,of,359.8520202636719,212.2750396728516,367.3560485839844,222.2920379638672,359.8520202636719,619.6079864501953,367.3560485839844,629.6249847412109,363.6040344238281,217.28353881835938,624.6164855957031,595.2999877929688,841.9000244140625
1,10,0,3,Vacation/Special,369.8540344238281,212.2750396728516,436.9371032714844,222.2920379638672,369.8540344238281,619.6079864501953,436.9371032714844,629.6249847412109,403.39556884765625,217.28353881835938,624.6164855957031,595.2999877929688,841.9000244140625
1,10,0,4,Privilege,439.4351196289063,212.2750396728516,473.9251403808594,222.2920379638672,439.4351196289063,619.6079864501953,473.9251403808594,629.6249847412109,456.6801300048828,217.28353881835938,624.6164855957031,595.2999877929688,841.9000244140625
1,10,0,5,Leave:,476.4231567382813,212.2750396728516,503.4312133789063,222.2920379638672,476.4231567382813,619.6079864501953,503.4312133789063,629.6249847412109,489.9271850585938,217.28353881835938,624.6164855957031,595.2999877929688,841.9000244140625
1,10,3,0,Within,346.3500061035156,229.87501525878903,371.3720397949219,239.91001892089844,346.3500061035156,601.9900054931641,371.3720397949219,612.0250091552734,358.86102294921875,234.89251708984375,607.0075073242188,595.2999877929688,841.9000244140625
1,10,3,1,the,373.8460388183594,229.87501525878903,386.3640441894531,239.91001892089844,373.8460388183594,601.9900054931641,386.3640441894531,612.0250091552734,380.10504150390625,234.89251708984375,607.0075073242188,595.2999877929688,841.9000244140625
1,10,3,2,Philippines,388.8470458984375,229.87501525878903,432.37506103515625,239.91001892089844,388.8470458984375,601.9900054931641,432.37506103515625,612.0250091552734,410.6110534667969,234.89251708984375,607.0075073242188,595.2999877929688,841.9000244140625
1,10,5,0,Abroad,346.3500061035156,245.97499084472656,375.35101318359375,256.010009765625,346.3500061035156,585.8900146484375,375.35101318359375,595.9250335693359,360.8505096435547,250.99250030517578,590.9075241088867,595.2999877929688,841.9000244140625
1,10,5,1,(Specify),377.8470153808594,245.97499084472656,413.3280334472656,256.010009765625,377.8470153808594,585.8900146484375,413.3280334472656,595.9250335693359,395.5875244140625,250.99250030517578,590.9075241088867,595.2999877929688,841.9000244140625
1,10,7,0,In,328.3500061035156,263.5750427246094,335.85400390625,273.592041015625,328.3500061035156,568.3079833984375,335.85400390625,578.3249816894531,332.1020050048828,268.5835418701172,573.3164825439453,595.2999877929688,841.9000244140625
1,10,7,1,case,338.3520202636719,263.5750427246094,357.35400390625,273.592041015625,338.3520202636719,568.3079833984375,357.35400390625,578.3249816894531,347.85301208496094,268.5835418701172,573.3164825439453,595.2999877929688,841.9000244140625
1,10,7,2,of,359.8520202636719,263.5750427246094,367.3560485839844,273.592041015625,359.8520202636719,568.3079833984375,367.3560485839844,578.3249816894531,363.6040344238281,268.5835418701172,573.3164825439453,595.2999877929688,841.9000244140625
1,10,7,3,Sick,369.8540344238281,263.5750427246094,386.8490295410156,273.592041015625,369.8540344238281,568.3079833984375,386.8490295410156,578.3249816894531,378.3515319824219,268.5835418701172,573.3164825439453,595.2999877929688,841.9000244140625
1,10,7,4,Leave:,389.3470153808594,263.5750427246094,416.3550720214844,273.592041015625,389.3470153808594,568.3079833984375,416.3550720214844,578.3249816894531,402.8510437011719,268.5835418701172,573.3164825439453,595.2999877929688,841.9000244140625
1,10,10,0,In,346.3500061035156,281.1750183105469,353.85400390625,291.21002197265625,346.3500061035156,550.6900024414062,353.85400390625,560.7250061035156,350.1020050048828,286.19252014160156,555.7075042724609,595.2999877929688,841.9000244140625
1,10,10,1,Hospital,356.3520202636719,281.1750183105469,388.8460388183594,291.21002197265625,356.3520202636719,550.6900024414062,388.8460388183594,560.7250061035156,372.5990295410156,286.19252014160156,555.7075042724609,595.2999877929688,841.9000244140625
1,10,10,2,(Specify,391.3440551757813,281.1750183105469,423.8380737304688,291.21002197265625,391.3440551757813,550.6900024414062,423.8380737304688,560.7250061035156,407.59106445312506,286.19252014160156,555.7075042724609,595.2999877929688,841.9000244140625
1,10,10,3,Illness),426.3360595703125,281.1750183105469,454.8250732421875,291.21002197265625,426.3360595703125,550.6900024414062,454.8250732421875,560.7250061035156,440.58056640625,286.19252014160156,555.7075042724609,595.2999877929688,841.9000244140625
1,10,12,0,Out,346.3500061035156,297.2750549316406,360.8540344238281,307.31005859375,346.3500061035156,534.5899658203125,360.8540344238281,544.6249694824219,353.6020202636719,302.2925567626953,539.6074676513672,595.2999877929688,841.9000244140625
1,10,12,1,Patient,363.3520202636719,297.2750549316406,391.3570861816406,307.31005859375,363.3520202636719,534.5899658203125,391.3570861816406,544.6249694824219,377.35455322265625,302.2925567626953,539.6074676513672,595.2999877929688,841.9000244140625
1,10,12,2,(Specify,393.8550720214844,297.2750549316406,426.3490905761719,307.31005859375,393.8550720214844,534.5899658203125,426.3490905761719,544.6249694824219,410.1020812988281,302.2925567626953,539.6074676513672,595.2999877929688,841.9000244140625
1,10,12,3,Illness),428.8470764160156,297.2750549316406,457.3360900878906,307.31005859375,428.8470764160156,534.5899658203125,457.3360900878906,544.6249694824219,443.0915832519531,302.2925567626953,539.6074676513672,595.2999877929688,841.9000244140625
1,10,15,0,In,328.3500061035156,325.2750244140625,335.85400390625,335.2920227050781,328.3500061035156,506.6080017089844,335.85400390625,516.625,332.1020050048828,330.2835235595703,511.6165008544922,595.2999877929688,841.9000244140625
1,10,15,1,case,338.3520202636719,325.2750244140625,357.35400390625,335.2920227050781,338.3520202636719,506.6080017089844,357.35400390625,516.625,347.85301208496094,330.2835235595703,511.6165008544922,595.2999877929688,841.9000244140625
1,10,15,2,of,359.8520202636719,325.2750244140625,367.3560485839844,335.2920227050781,359.8520202636719,506.6080017089844,367.3560485839844,516.625,363.6040344238281,330.2835235595703,511.6165008544922,595.2999877929688,841.9000244140625
1,10,15,3,Special,369.8540344238281,325.2750244140625,399.3530578613281,335.2920227050781,369.8540344238281,506.6080017089844,399.3530578613281,516.625,384.6035461425781,330.2835235595703,511.6165008544922,595.2999877929688,841.9000244140625
1,10,15,4,Leave,401.85107421875,325.2750244140625,426.3591003417969,335.2920227050781,401.85107421875,506.6080017089844,426.3591003417969,516.625,414.10508728027344,330.2835235595703,511.6165008544922,595.2999877929688,841.9000244140625
1,10,15,5,Benefits,428.9381103515625,325.2750244140625,461.441162109375,335.2920227050781,428.9381103515625,506.6080017089844,461.441162109375,516.625,445.18963623046875,330.2835235595703,511.6165008544922,595.2999877929688,841.9000244140625
1,10,15,6,for,463.9391479492188,325.2750244140625,474.4381713867188,335.2920227050781,463.9391479492188,506.6080017089844,474.4381713867188,516.625,469.1886596679688,330.2835235595703,511.6165008544922,595.2999877929688,841.9000244140625
1,10,15,7,Women:,476.9361572265625,325.2750244140625,510.4331970214844,335.2920227050781,476.9361572265625,506.6080017089844,510.4331970214844,516.625,493.68467712402344,330.2835235595703,511.6165008544922,595.2999877929688,841.9000244140625
1,10,16,0,(Specify,328.3500061035156,335.5750427246094,360.85198974609375,345.61004638671875,328.3500061035156,496.28997802734375,360.85198974609375,506.3249816894531,344.6009979248047,340.59254455566406,501.30747985839844,595.2999877929688,841.9000244140625
1,10,16,1,Illness),363.3599853515625,335.5750427246094,391.8569641113281,345.61004638671875,363.3599853515625,496.28997802734375,391.8569641113281,506.3249816894531,377.6084747314453,340.59254455566406,501.30747985839844,595.2999877929688,841.9000244140625
1,11,0,0,In,328.3500061035156,362.3050231933594,335.85400390625,372.322021484375,328.3500061035156,469.5780029296875,335.85400390625,479.5950012207031,332.1020050048828,367.3135223388672,474.5865020751953,595.2999877929688,841.9000244140625
1,11,0,1,case,338.3520202636719,362.3050231933594,357.35400390625,372.322021484375,338.3520202636719,469.5780029296875,357.35400390625,479.5950012207031,347.85301208496094,367.3135223388672,474.5865020751953,595.2999877929688,841.9000244140625
1,11,0,2,of,359.8520202636719,362.3050231933594,367.3560485839844,372.322021484375,359.8520202636719,469.5780029296875,367.3560485839844,479.5950012207031,363.6040344238281,367.3135223388672,474.5865020751953,595.2999877929688,841.9000244140625
1,11,0,3,Study,369.8540344238281,362.3050231933594,392.8590698242188,372.322021484375,369.8540344238281,469.5780029296875,392.8590698242188,479.5950012207031,381.35655212402344,367.3135223388672,474.5865020751953,595.2999877929688,841.9000244140625
1,11,0,4,Leave:,395.3570556640625,362.3050231933594,422.3651123046875,372.322021484375,395.3570556640625,469.5780029296875,422.3651123046875,479.5950012207031,408.861083984375,367.3135223388672,474.5865020751953,595.2999877929688,841.9000244140625
1,12,1,0,Completion,346.3500061035156,376.8050231933594,391.8540344238281,386.8400268554688,346.3500061035156,455.0599975585937,391.8540344238281,465.0950012207031,369.1020202636719,381.82252502441406,460.07749938964844,595.2999877929688,841.9000244140625
1,12,1,1,of,394.3600463867188,376.8050231933594,401.8680725097656,386.8400268554688,394.3600463867188,455.0599975585937,401.8680725097656,465.0950012207031,398.1140594482422,381.82252502441406,460.07749938964844,595.2999877929688,841.9000244140625
1,12,1,2,Master’s,404.3740539550781,376.8050231933594,438.3630676269531,386.8400268554688,404.3740539550781,455.0599975585937,438.3630676269531,465.0950012207031,421.3685607910156,381.82252502441406,460.07749938964844,595.2999877929688,841.9000244140625
1,12,1,3,Degree,440.86907958984375,376.8050231933594,470.3630981445313,386.8400268554688,440.86907958984375,455.0599975585937,470.3630981445313,465.0950012207031,455.6160888671875,381.82252502441406,460.07749938964844,595.2999877929688,841.9000244140625
1,12,3,0,BAR/Board,346.3500061035156,392.905029296875,391.343994140625,402.9400329589844,346.3500061035156,438.9599914550781,391.343994140625,448.9949951171875,368.8470001220703,397.9225311279297,443.9774932861328,595.2999877929688,841.9000244140625
1,12,3,1,Examination,393.8399963378906,392.905029296875,443.364990234375,402.9400329589844,393.8399963378906,438.9599914550781,443.364990234375,448.9949951171875,418.6024932861328,397.9225311279297,443.9774932861328,595.2999877929688,841.9000244140625
1,12,3,2,Review,445.8670043945313,392.905029296875,475.3679809570313,402.9400329589844,445.8670043945313,438.9599914550781,475.3679809570313,448.9949951171875,460.6174926757813,397.9225311279297,443.9774932861328,595.2999877929688,841.9000244140625
1,12,5,0,Other,328.3500061035156,410.5050354003906,350.8510437011719,420.5220336914063,328.3500061035156,421.3779907226562,350.8510437011719,431.3949890136719,339.60052490234375,415.51353454589844,426.38648986816406,595.2999877929688,841.9000244140625
1,12,5,1,purposes:,353.3490295410156,410.5050354003906,392.8520812988281,420.5220336914063,353.3490295410156,421.3779907226562,392.8520812988281,431.3949890136719,373.1005554199219,415.51353454589844,426.38648986816406,595.2999877929688,841.9000244140625
1,13,1,0,Monetization,346.3500061035156,427.2050476074219,397.376953125,437.2400512695313,346.3500061035156,404.6599731445312,397.376953125,414.6949768066406,371.8634796142578,432.22254943847656,409.67747497558594,595.2999877929688,841.9000244140625
1,13,1,1,of,399.8489379882813,427.2050476074219,407.3579406738281,437.2400512695313,399.8489379882813,404.6599731445312,407.3579406738281,414.6949768066406,403.6034393310547,432.22254943847656,409.67747497558594,595.2999877929688,841.9000244140625
1,13,1,2,Leave,409.8659362792969,427.2050476074219,434.3668823242188,437.2400512695313,409.8659362792969,404.6599731445312,434.3668823242188,414.6949768066406,422.1164093017578,432.22254943847656,409.67747497558594,595.2999877929688,841.9000244140625
1,13,1,3,Credits,436.8748779296875,427.2050476074219,465.4678649902344,437.2400512695313,436.8748779296875,404.6599731445312,465.4678649902344,414.6949768066406,451.17137145996094,432.22254943847656,409.67747497558594,595.2999877929688,841.9000244140625
1,13,3,0,Terminal,346.3500061035156,443.3050231933594,381.3579711914063,453.3400268554688,346.3500061035156,388.5599975585937,381.3579711914063,398.5950012207031,363.85398864746094,448.32252502441406,393.57749938964844,595.2999877929688,841.9000244140625
1,13,3,1,Leave,383.8619689941406,443.3050231933594,408.35498046875,453.3400268554688,383.8619689941406,388.5599975585937,408.35498046875,398.5950012207031,396.1084747314453,448.32252502441406,393.57749938964844,595.2999877929688,841.9000244140625
1,14,0,0,6.C,36.0,471.10003662109375,51.59000015258789,482.2500305175781,36.0,359.6499938964844,51.59000015258789,370.79998779296875,43.795000076293945,476.67503356933594,365.22499084472656,595.2999877929688,841.9000244140625
1,14,0,1,NUMBER,54.369998931884766,471.10003662109375,97.6999969482422,482.2500305175781,54.369998931884766,359.6499938964844,97.6999969482422,370.79998779296875,76.03499794006348,476.67503356933594,365.22499084472656,595.2999877929688,841.9000244140625
1,14,0,2,OF,100.47999572753906,471.10003662109375,114.3699951171875,482.2500305175781,100.47999572753906,359.6499938964844,114.3699951171875,370.79998779296875,107.42499542236328,476.67503356933594,365.22499084472656,595.2999877929688,841.9000244140625
1,14,0,3,WORKING,117.16999053955078,471.10003662109375,165.95999145507812,482.2500305175781,117.16999053955078,359.6499938964844,165.95999145507812,370.79998779296875,141.56499099731445,476.67503356933594,365.22499084472656,595.2999877929688,841.9000244140625
1,14,0,4,DAYS,168.739990234375,471.10003662109375,195.989990234375,482.2500305175781,168.739990234375,359.6499938964844,195.989990234375,370.79998779296875,182.364990234375,476.67503356933594,365.22499084472656,595.2999877929688,841.9000244140625
1,14,0,5,APPLIED,198.739990234375,471.10003662109375,240.93997192382807,482.2500305175781,198.739990234375,359.6499938964844,240.93997192382807,370.79998779296875,219.83998107910153,476.67503356933594,365.22499084472656,595.2999877929688,841.9000244140625
1,14,0,6,FOR,243.719970703125,471.10003662109375,264.8299865722656,482.2500305175781,243.719970703125,359.6499938964844,264.8299865722656,370.79998779296875,254.2749786376953,476.67503356933594,365.22499084472656,595.2999877929688,841.9000244140625
1,14,4,0,INCLUSIVE,55.5,517.1000366210938,108.2599868774414,528.25,55.5,313.6500244140625,108.2599868774414,324.79998779296875,81.8799934387207,522.6750183105469,319.2250061035156,595.2999877929688,841.9000244140625
1,14,4,1,DAYS,111.07998657226562,517.1000366210938,138.33998107910156,528.25,111.07998657226562,313.6500244140625,138.33998107910156,324.79998779296875,124.7099838256836,522.6750183105469,319.2250061035156,595.2999877929688,841.9000244140625
1,15,0,0,6.D.,328.3500061035156,469.60003662109375,346.7200012207031,480.7500305175781,328.3500061035156,361.1499938964844,346.7200012207031,372.29998779296875,337.5350036621094,475.17503356933594,366.72499084472656,595.2999877929688,841.9000244140625
1,15,0,1,COMMUTATION,349.5299987792969,469.60003662109375,425.01995849609375,480.7500305175781,349.5299987792969,361.1499938964844,425.01995849609375,372.29998779296875,387.2749786376953,475.17503356933594,366.72499084472656,595.2999877929688,841.9000244140625
1,17,0,0,Not,346.3500061035156,488.10003662109375,361.9100036621094,499.2500305175781,346.3500061035156,342.6499938964844,361.9100036621094,353.79998779296875,354.1300048828125,493.67503356933594,348.22499084472656,595.2999877929688,841.9000244140625
1,17,0,1,Requested,364.7200012207031,488.10003662109375,413.05999755859375,499.2500305175781,364.7200012207031,342.6499938964844,413.05999755859375,353.79998779296875,388.88999938964844,493.67503356933594,348.22499084472656,595.2999877929688,841.9000244140625
1,17,2,0,Requested,346.3500061035156,505.300048828125,394.76995849609375,516.4500122070312,346.3500061035156,325.45001220703125,394.76995849609375,336.5999755859375,370.5599822998047,510.8750305175781,331.0249938964844,595.2999877929688,841.9000244140625
1,18,0,0,(Signature,394.9500122070313,536.6000366210938,441.1099853515625,547.75,394.9500122070313,294.1500244140625,441.1099853515625,305.29998779296875,418.0299987792969,542.1750183105469,299.7250061035156,595.2999877929688,841.9000244140625
1,18,0,1,of,443.9099731445313,536.6000366210938,452.2799682617188,547.75,443.9099731445313,294.1500244140625,452.2799682617188,305.29998779296875,448.09497070312506,542.1750183105469,299.7250061035156,595.2999877929688,841.9000244140625
1,18,0,2,Applicant),454.97998046875,536.6000366210938,499.3899841308594,547.75,454.97998046875,294.1500244140625,499.3899841308594,305.29998779296875,477.1849822998047,542.1750183105469,299.7250061035156,595.2999877929688,841.9000244140625
1,19,0,0,7.,192.0200042724609,558.300048828125,200.38999938964844,569.4500122070312,192.0200042724609,272.45001220703125,200.38999938964844,283.5999755859375,196.2050018310547,563.8750305175781,278.0249938964844,595.2999877929688,841.9000244140625
1,19,0,1,DETAILS,203.1999969482422,558.300048828125,245.97000122070312,569.4500122070312,203.1999969482422,272.45001220703125,245.97000122070312,283.5999755859375,224.58499908447266,563.8750305175781,278.0249938964844,595.2999877929688,841.9000244140625
1,19,0,2,OF,248.77999877929688,558.300048828125,262.66998291015625,569.4500122070312,248.77999877929688,272.45001220703125,262.66998291015625,283.5999755859375,255.72499084472656,563.8750305175781,278.0249938964844,595.2999877929688,841.9000244140625
1,19,0,3,ACTION,265.3599853515625,558.300048828125,303.66998291015625,569.4500122070312,265.3599853515625,272.45001220703125,303.66998291015625,283.5999755859375,284.5149841308594,563.8750305175781,278.0249938964844,595.2999877929688,841.9000244140625
1,19,0,4,ON,306.4499816894531,558.300048828125,321.47998046875,569.4500122070312,306.4499816894531,272.45001220703125,321.47998046875,283.5999755859375,313.96498107910156,563.8750305175781,278.0249938964844,595.2999877929688,841.9000244140625
1,19,0,5,APPLICATION,324.2599792480469,558.300048828125,391.969970703125,569.4500122070312,324.2599792480469,272.45001220703125,391.969970703125,283.5999755859375,358.11497497558594,563.8750305175781,278.0249938964844,595.2999877929688,841.9000244140625
1,20,0,0,7.A,36.0,576.5000610351562,51.040000915527344,587.6500244140625,36.0,254.25,51.040000915527344,265.39996337890625,43.52000045776367,582.0750427246094,259.8249816894531,595.2999877929688,841.9000244140625
1,20,0,1,CERTIFICATION,53.86000061035156,576.5000610351562,130.46998596191406,587.6500244140625,53.86000061035156,254.25,130.46998596191406,265.39996337890625,92.16499328613281,582.0750427246094,259.8249816894531,595.2999877929688,841.9000244140625
1,20,0,2,OF,133.16998291015625,576.5000610351562,147.0599822998047,587.6500244140625,133.16998291015625,254.25,147.0599822998047,265.39996337890625,140.11498260498047,582.0750427246094,259.8249816894531,595.2999877929688,841.9000244140625
1,20,0,3,LEAVE,149.8599853515625,576.5000610351562,182.0899810791016,587.6500244140625,149.8599853515625,254.25,182.0899810791016,265.39996337890625,165.97498321533203,582.0750427246094,259.8249816894531,595.2999877929688,841.9000244140625
1,20,0,4,CREDITS,184.91998291015625,576.5000610351562,228.8099822998047,587.6500244140625,184.91998291015625,254.25,228.8099822998047,265.39996337890625,206.86498260498047,582.0750427246094,259.8249816894531,595.2999877929688,841.9000244140625
1,20,1,0,As,83.32499694824219,588.02001953125,94.9949951171875,599.1699829101562,83.32499694824219,242.73004150390625,94.9949951171875,253.8800048828125,89.15999603271484,593.5950012207031,248.30502319335938,595.2999877929688,841.9000244140625
1,20,1,1,of,97.72499084472656,588.02001953125,106.09498596191406,599.1699829101562,97.72499084472656,242.73004150390625,106.09498596191406,253.8800048828125,101.90998840332031,593.5950012207031,248.30502319335938,595.2999877929688,841.9000244140625
1,22,1,0,Vacation,141.52999877929688,603.3250122070312,176.5279998779297,613.3600463867188,141.52999877929688,228.53997802734375,176.5279998779297,238.57501220703125,159.02899932861328,608.342529296875,233.5574951171875,595.2999877929688,841.9000244140625
1,22,1,1,Leave,179.0240020751953,603.3250122070312,203.52801513671875,613.3600463867188,179.0240020751953,228.53997802734375,203.52801513671875,238.57501220703125,191.27600860595703,608.342529296875,233.5574951171875,595.2999877929688,841.9000244140625
1,22,2,0,Sick,239.0200042724609,603.3250122070312,256.0119934082031,613.3600463867188,239.0200042724609,228.53997802734375,256.0119934082031,238.57501220703125,247.51599884033203,608.342529296875,233.5574951171875,595.2999877929688,841.9000244140625
1,22,2,1,Leave,258.50799560546875,603.3250122070312,283.01202392578125,613.3600463867188,258.50799560546875,228.53997802734375,283.01202392578125,238.57501220703125,270.760009765625,608.342529296875,233.5574951171875,595.2999877929688,841.9000244140625
1,22,3,0,Total,41.59999847412109,614.2249755859375,61.61100387573242,624.260009765625,41.59999847412109,217.6400146484375,61.61100387573242,227.675048828125,51.60550117492676,619.2424926757812,222.65753173828125,595.2999877929688,841.9000244140625
1,22,3,1,Earned,64.11500549316406,614.2249755859375,93.09999084472656,624.260009765625,64.11500549316406,217.6400146484375,93.09999084472656,227.675048828125,78.60749816894531,619.2424926757812,222.65753173828125,595.2999877929688,841.9000244140625
1,22,6,0,Less,41.59999847412109,625.0250244140625,60.59599685668945,635.06005859375,41.59999847412109,206.8399658203125,60.59599685668945,216.875,51.09799766540527,630.0425415039062,211.85748291015625,595.2999877929688,841.9000244140625
1,22,6,1,this,63.08999633789063,625.0250244140625,77.08200073242188,635.06005859375,63.08999633789063,206.8399658203125,77.08200073242188,216.875,70.08599853515625,630.0425415039062,211.85748291015625,595.2999877929688,841.9000244140625
1,22,6,2,application,79.57600402832031,625.0250244140625,122.57401275634766,635.06005859375,79.57600402832031,206.8399658203125,122.57401275634766,216.875,101.07500839233398,630.0425415039062,211.85748291015625,595.2999877929688,841.9000244140625
1,22,9,0,Balance,41.59999847412109,635.9249877929688,74.0989990234375,645.9600219726562,41.59999847412109,195.94000244140625,74.0989990234375,205.97503662109375,57.8494987487793,640.9425048828125,200.95751953125,595.2999877929688,841.9000244140625
1,23,0,0,DONAH,106.7300033569336,658.3200073242188,143.35000610351562,669.469970703125,106.7300033569336,172.4300537109375,143.35000610351562,183.58001708984375,125.04000473022461,663.8949890136719,178.00503540039062,595.2999877929688,841.9000244140625
1,23,0,1,GRACE,146.1300048828125,658.3200073242188,182.20001220703125,669.469970703125,146.1300048828125,172.4300537109375,182.20001220703125,183.58001708984375,164.16500854492188,663.8949890136719,178.00503540039062,595.2999877929688,841.9000244140625
1,23,0,2,C.,185.0200042724609,658.3200073242188,195.0200042724609,669.469970703125,185.0200042724609,172.4300537109375,195.0200042724609,183.58001708984375,190.0200042724609,663.8949890136719,178.00503540039062,595.2999877929688,841.9000244140625
1,23,0,3,CAPULAC,197.8000030517578,658.3200073242188,246.6400146484375,669.469970703125,197.8000030517578,172.4300537109375,246.6400146484375,183.58001708984375,222.22000885009766,663.8949890136719,178.00503540039062,595.2999877929688,841.9000244140625
1,23,1,0,Administrative,107.12000274658205,669.7300415039062,157.32801818847656,678.6500244140625,107.12000274658205,163.25,157.32801818847656,172.16998291015625,132.2240104675293,674.1900329589844,167.70999145507812,595.2999877929688,841.9000244140625
1,23,1,1,Officer,159.6000213623047,669.7300415039062,183.1280212402344,678.6500244140625,159.6000213623047,163.25,183.1280212402344,172.16998291015625,171.36402130126953,674.1900329589844,167.70999145507812,595.2999877929688,841.9000244140625
1,23,1,2,"I,",185.38401794433597,669.7300415039062,189.85400390625,678.6500244140625,185.38401794433597,163.25,189.85400390625,172.16998291015625,187.61901092529297,674.1900329589844,167.70999145507812,595.2999877929688,841.9000244140625
1,23,1,3,Designated,192.0200042724609,669.7300415039062,232.53201293945312,678.6500244140625,192.0200042724609,163.25,232.53201293945312,172.16998291015625,212.27600860595703,674.1900329589844,167.70999145507812,595.2999877929688,841.9000244140625
1,23,1,4,HR,234.80401611328125,669.7300415039062,246.25201416015625,678.6500244140625,234.80401611328125,163.25,246.25201416015625,172.16998291015625,240.52801513671875,674.1900329589844,167.70999145507812,595.2999877929688,841.9000244140625
1,24,0,0,(Authorized,133.3300018310547,681.52001953125,184.45999145507807,692.6699829101562,133.3300018310547,149.23004150390625,184.45999145507807,160.3800048828125,158.89499664306638,687.0950012207031,154.80502319335938,595.2999877929688,841.9000244140625
1,24,0,1,Officer),187.26998901367188,681.52001953125,220.0500030517578,692.6699829101562,187.26998901367188,149.23004150390625,220.0500030517578,160.3800048828125,203.65999603271484,687.0950012207031,154.80502319335938,595.2999877929688,841.9000244140625
1,25,0,0,7.B,328.3500061035156,574.300048828125,343.3900146484375,585.4500122070312,328.3500061035156,256.45001220703125,343.3900146484375,267.5999755859375,335.87001037597656,579.8750305175781,262.0249938964844,595.2999877929688,841.9000244140625
1,25,0,1,RECOMMENDATION,346.21002197265625,574.300048828125,443.3200073242188,585.4500122070312,346.21002197265625,256.45001220703125,443.3200073242188,267.5999755859375,394.7650146484375,579.8750305175781,262.0249938964844,595.2999877929688,841.9000244140625
1,27,1,0,For,346.3500061035156,594.3200073242188,361.3699645996094,605.469970703125,346.3500061035156,236.4300537109375,361.3699645996094,247.58001708984375,353.8599853515625,599.8949890136719,242.00503540039062,595.2999877929688,841.9000244140625
1,27,1,1,approval,364.1499633789063,594.3200073242188,402.5199279785156,605.469970703125,364.1499633789063,236.4300537109375,402.5199279785156,247.58001708984375,383.33494567871094,599.8949890136719,242.00503540039062,595.2999877929688,841.9000244140625
1,27,3,0,For,346.3500061035156,612.7200317382812,361.3699645996094,623.8699951171875,346.3500061035156,218.030029296875,361.3699645996094,229.17999267578125,353.8599853515625,618.2950134277344,223.60501098632812,595.2999877929688,841.9000244140625
1,27,3,1,disapproval,364.1499633789063,612.7200317382812,415.3299255371094,623.8699951171875,364.1499633789063,218.030029296875,415.3299255371094,229.17999267578125,389.7399444580078,618.2950134277344,223.60501098632812,595.2999877929688,841.9000244140625
1,27,3,2,due,418.1099243164063,612.7200317382812,434.7599182128906,623.8699951171875,418.1099243164063,218.030029296875,434.7599182128906,229.17999267578125,426.43492126464844,618.2950134277344,223.60501098632812,595.2999877929688,841.9000244140625
1,27,3,3,to,437.4899291992188,612.7200317382812,445.8299255371094,623.8699951171875,437.4899291992188,218.030029296875,445.8299255371094,229.17999267578125,441.65992736816406,618.2950134277344,223.60501098632812,595.2999877929688,841.9000244140625
1,27,3,4,_________________,448.5799255371094,612.7200317382812,543.2100830078125,623.8699951171875,448.5799255371094,218.030029296875,543.2100830078125,229.17999267578125,495.89500427246094,618.2950134277344,223.60501098632812,595.2999877929688,841.9000244140625
1,27,4,0,____________________________________,346.3500061035156,624.2200317382812,546.4200439453125,635.3699951171875,346.3500061035156,206.530029296875,546.4200439453125,217.67999267578125,446.38502502441406,629.7950134277344,212.10501098632812,595.2999877929688,841.9000244140625
1,27,5,0,____________________________________,346.3500061035156,635.7200317382812,546.3900756835938,646.8699951171875,346.3500061035156,195.030029296875,546.3900756835938,206.17999267578125,446.3700408935547,641.2950134277344,200.60501098632812,595.2999877929688,841.9000244140625
1,28,0,0,RANDOLF,390.25,659.4300537109375,439.0499572753906,670.5800170898438,390.25,171.32000732421875,439.0499572753906,182.469970703125,414.6499786376953,665.0050354003906,176.89498901367188,595.2999877929688,841.9000244140625
1,28,0,1,M.,441.8299560546875,659.4300537109375,452.93994140625,670.5800170898438,441.8299560546875,171.32000732421875,452.93994140625,182.469970703125,447.38494873046875,665.0050354003906,176.89498901367188,595.2999877929688,841.9000244140625
1,28,0,2,LADERAS,455.7399291992188,659.4300537109375,504.1199645996094,670.5800170898438,455.7399291992188,171.32000732421875,504.1199645996094,182.469970703125,479.92994689941406,665.0050354003906,176.89498901367188,595.2999877929688,841.9000244140625
1,28,1,0,Supervising,389.8500061035156,670.8300170898438,431.6739807128906,679.75,389.8500061035156,162.1500244140625,431.6739807128906,171.07000732421875,410.7619934082031,675.2900085449219,166.61001586914062,595.2999877929688,841.9000244140625
1,28,1,1,Statistical,433.9459838867188,670.8300170898438,468.177978515625,679.75,433.9459838867188,162.1500244140625,468.177978515625,171.07000732421875,451.0619812011719,675.2900085449219,166.61001586914062,595.2999877929688,841.9000244140625
1,28,1,2,Specialist,470.41796875,670.8300170898438,504.5939636230469,679.75,470.41796875,162.1500244140625,504.5939636230469,171.07000732421875,487.50596618652344,675.2900085449219,166.61001586914062,595.2999877929688,841.9000244140625
1,29,0,0,(Authorized,403.8500061035156,682.6200561523438,454.97998046875,693.77001953125,403.8500061035156,148.1300048828125,454.97998046875,159.27996826171875,429.4149932861328,688.1950378417969,153.70498657226562,595.2999877929688,841.9000244140625
1,29,0,1,Officer),457.78997802734375,682.6200561523438,490.5399475097656,693.77001953125,457.78997802734375,148.1300048828125,490.5399475097656,159.27996826171875,474.1649627685547,688.1950378417969,153.70498657226562,595.2999877929688,841.9000244140625
1,30,0,0,7.C,36.0,700.4300537109375,51.59000015258789,711.5800170898438,36.0,130.32000732421875,51.59000015258789,141.469970703125,43.795000076293945,706.0050354003906,135.89498901367188,595.2999877929688,841.9000244140625
1,30,0,1,APPROVED,54.369998931884766,700.4300537109375,109.97999572753906,711.5800170898438,54.369998931884766,130.32000732421875,109.97999572753906,141.469970703125,82.17499732971191,706.0050354003906,135.89498901367188,595.2999877929688,841.9000244140625
1,30,0,2,FOR:,112.75999450683594,700.4300537109375,136.64999389648438,711.5800170898438,112.75999450683594,130.32000732421875,136.64999389648438,141.469970703125,124.70499420166016,706.0050354003906,135.89498901367188,595.2999877929688,841.9000244140625
1,30,1,0,_______days,52.70000076293945,711.9200439453125,112.739990234375,723.0700073242188,52.70000076293945,118.83001708984375,112.739990234375,129.97998046875,82.71999549865723,717.4950256347656,124.40499877929688,595.2999877929688,841.9000244140625
1,30,1,1,with,115.51998901367188,711.9200439453125,133.29998779296875,723.0700073242188,115.51998901367188,118.83001708984375,133.29998779296875,129.97998046875,124.40998840332031,717.4950256347656,124.40499877929688,595.2999877929688,841.9000244140625
1,30,1,2,pay,136.0299835205078,711.9200439453125,152.20997619628906,723.0700073242188,136.0299835205078,118.83001708984375,152.20997619628906,129.97998046875,144.11997985839844,717.4950256347656,124.40499877929688,595.2999877929688,841.9000244140625
1,30,2,0,_______days,52.70000076293945,723.4200439453125,112.739990234375,734.5700073242188,52.70000076293945,107.33001708984375,112.739990234375,118.47998046875,82.71999549865723,728.9950256347656,112.90499877929688,595.2999877929688,841.9000244140625
1,30,2,1,without,115.51998901367188,723.4200439453125,147.19998168945312,734.5700073242188,115.51998901367188,107.33001708984375,147.19998168945312,118.47998046875,131.3599853515625,728.9950256347656,112.90499877929688,595.2999877929688,841.9000244140625
1,30,2,2,pay,149.91998291015625,723.4200439453125,166.0999755859375,734.5700073242188,149.91998291015625,107.33001708984375,166.0999755859375,118.47998046875,158.00997924804688,728.9950256347656,112.90499877929688,595.2999877929688,841.9000244140625
1,30,3,0,_______others,52.70000076293945,734.925048828125,119.45999145507812,746.0750122070312,52.70000076293945,95.82501220703125,119.45999145507812,106.9749755859375,86.07999610900879,740.5000305175781,101.39999389648438,595.2999877929688,841.9000244140625
1,30,3,1,(Specify),122.239990234375,734.925048828125,161.54998779296875,746.0750122070312,122.239990234375,95.82501220703125,161.54998779296875,106.9749755859375,141.89498901367188,740.5000305175781,101.39999389648438,595.2999877929688,841.9000244140625
1,31,0,0,7.D,328.3500061035156,700.4300537109375,343.94000244140625,711.5800170898438,328.3500061035156,130.32000732421875,343.94000244140625,141.469970703125,336.14500427246094,706.0050354003906,135.89498901367188,595.2999877929688,841.9000244140625
1,31,0,1,DISAPPROVED,346.7200012207031,700.4300537109375,419.00006103515625,711.5800170898438,346.7200012207031,130.32000732421875,419.00006103515625,141.469970703125,382.8600311279297,706.0050354003906,135.89498901367188,595.2999877929688,841.9000244140625
1,31,0,2,DUE,421.800048828125,700.4300537109375,442.7900695800781,711.5800170898438,421.800048828125,130.32000732421875,442.7900695800781,141.469970703125,432.29505920410156,706.0050354003906,135.89498901367188,595.2999877929688,841.9000244140625
1,31,0,3,TO:,445.5900573730469,700.4300537109375,462.2600402832031,711.5800170898438,445.5900573730469,130.32000732421875,462.2600402832031,141.469970703125,453.925048828125,706.0050354003906,135.89498901367188,595.2999877929688,841.9000244140625
1,31,1,0,_______________________________________,328.3500061035156,711.9200439453125,545.2700805664062,723.0700073242188,328.3500061035156,118.83001708984375,545.2700805664062,129.97998046875,436.81004333496094,717.4950256347656,124.40499877929688,595.2999877929688,841.9000244140625
1,31,2,0,_______________________________________,328.3500061035156,723.4200439453125,545.0700073242188,734.5700073242188,328.3500061035156,107.33001708984375,545.0700073242188,118.47998046875,436.7100067138672,728.9950256347656,112.90499877929688,595.2999877929688,841.9000244140625
1,31,3,0,_______________________________________,328.3500061035156,734.925048828125,545.0700073242188,746.0750122070312,328.3500061035156,95.82501220703125,545.0700073242188,106.9749755859375,436.7100067138672,740.5000305175781,101.39999389648438,595.2999877929688,841.9000244140625
1,32,2,0,MARIBEL,233.1300048828125,770.2250366210938,278.6300048828125,781.375,233.1300048828125,60.5250244140625,278.6300048828125,71.67498779296875,255.8800048828125,775.8000183105469,66.10000610351562,595.2999877929688,841.9000244140625
1,32,2,1,M.,281.4100036621094,770.2250366210938,292.5199890136719,781.375,281.4100036621094,60.5250244140625,292.5199890136719,71.67498779296875,286.9649963378906,775.8000183105469,66.10000610351562,595.2999877929688,841.9000244140625
1,32,2,2,DALAYDAY,295.3199768066406,770.2250366210938,350.8799743652344,781.375,295.3199768066406,60.5250244140625,350.8799743652344,71.67498779296875,323.0999755859375,775.8000183105469,66.10000610351562,595.2999877929688,841.9000244140625
1,33,0,0,Chief,246.22999572753903,781.635009765625,265.0299987792969,790.5549926757812,246.22999572753903,51.34503173828125,265.0299987792969,60.2650146484375,255.62999725341797,786.0950012207031,55.805023193359375,595.2999877929688,841.9000244140625
1,33,0,1,Statistical,267.2059936523437,781.635009765625,301.365966796875,790.5549926757812,267.2059936523437,51.34503173828125,301.365966796875,60.2650146484375,284.2859802246094,786.0950012207031,55.805023193359375,595.2999877929688,841.9000244140625
1,33,0,2,Specialist,303.60595703125,781.635009765625,337.8779602050781,790.5549926757812,303.60595703125,51.34503173828125,337.8779602050781,60.2650146484375,320.74195861816406,786.0950012207031,55.805023193359375,595.2999877929688,841.9000244140625
1,34,0,0,(Authorized,248.1300048828125,790.925048828125,299.2599792480469,802.0750122070312,248.1300048828125,39.82501220703125,299.2599792480469,50.9749755859375,273.6949920654297,796.5000305175781,45.399993896484375,595.2999877929688,841.9000244140625
1,34,0,1,Official),302.0699768066406,790.925048828125,336.00994873046875,802.0750122070312,302.0699768066406,39.82501220703125,336.00994873046875,50.9749755859375,319.0399627685547,796.5000305175781,45.399993896484375,595.2999877929688,841.9000244140625
